,name,artist
0,the prayer (with charlotte church),josh groban
1,you raise me up,josh groban
2,the power of your love,maranatha! praise band
3,lead me lord,gary valenciano
4,god will make a way,don moen
5,who am i,casting crowns
6,give thanks,don moen
7,i surrender,céline dion
8,"here i am, lord",john michael talbot
9,make me a channel of your peace,various artists
10,you are my hiding place,selah
11,with all my heart,joann rosario
12,i know who holds tomorrow,alison krauss
13,i know who holds tomorrow,alison krauss
14,blessed assurance,alan jackson
15,because he lives,gaither vocal band
16,in his time,maranatha! music
17,what a friend we have in jesus,loretta lynn
18,"precious lord, take my hand / just a closer walk with thee",selah
19,turn your eyes upon jesus,alan jackson
20,when we all get to heaven,alan jackson
21,the old rugged cross,alan jackson
22,how great thou art,alan jackson
23,sino ako? - original,jamie rivera
24,tanging yaman,basil valdez
25,mahiwaga,angeline quinto
26,pananagutan,jamie rivera
27,may bukas pa,anthony castelo
28,hesus,alamid
29,sapagkat ang diyos ay pag-ibig,various artists
30,i want to be where you are,don moen
31,sailing,rod stewart
32,(there'll be) peace in the valley (for me),elvis presley
33,"take my hand, precious lord",elvis presley
34,he knows just what i need,elvis presley
35,crying in the chapel,elvis presley
36,in the garden,elvis presley
37,you'll never walk alone,elvis presley
38,the rose,bette midler
39,in the garden,kenny rogers
40,just a closer walk with thee,kenny rogers
41,the lord's prayer,kenny rogers
42,ang aking dasal,various artists
43,ang tanging alay ko,april boy regino
44,mad at god,sarah saint james
45,bad religion,frank ocean
46,if i believe you,the 1975
47,saints,echos
48,saint bernard,lincoln
49,"i feel wrong (homosexuality, pt. 1)",glasvegas
50,amen,amber run
51,take me to church,hozier
52,"jesus, jesus",noah gundersen
53,achilles come down,gang of youths
54,hallelujah,panic! at the disco
55,hallelujah,jeff buckley
56,oh ana,mother mother
57,a happy death - again -,kikuo
58,i am shit,crywank
59,from eden,hozier
60,sweet hibiscus tea,penelope scott
61,survivor's guilt,coma cinema
62,brother,falling in reverse
63,jesus christ 2005 god bless america,the 1975
64,all that's known - original broadway cast recording/2006,duncan sheik
65,the guilty ones - original broadway cast recording/2006,duncan sheik
66,why god why? - live,claude-michel schönberg
67,worn,tenth avenue north
68,be nice to me,the front bottoms
69,teen idle,marina
70,r.i.p. 2 my youth,the neighbourhood
71,king park,la dispute
72,angels & demons,jxdn
73,burn the witch,shawn james
74,i'm not a good person,pat the bunny
75,wait for it,lin-manuel miranda
76,it's quiet uptown,lin-manuel miranda
77,the river,good charlotte
78,i'm not a saint,billy raffoul
79,millennial rock,mouthy downtown
80,antichrist,the 1975
81,bethlehem,semler
82,jesus from texas,semler
83,youth group,semler
84,a good man,semler
85,promised land (outro),semler
86,monet issues,chase petra
87,least favorite only child,leanna firestone
88,out of order,michl
89,class of 2013,mitski
90,totally fucked - original broadway cast recording/2006,duncan sheik
91,raging on a sunday,bohnes
92,oh god,orla gartland
93,revival,echos
94,my religion,skillet
95,jesus don't like that i'm gay but satans cool with it,lil boodang
96,unthinkable,cloudy june
97,by your side,tenth avenue north
98,you are more,tenth avenue north
99,devil town,cavetown
100,can i still go to heaven if i kill myself?,original god
101,trees,mccafferty
102,mama,my chemical romance
103,what'd i do with all this faith?,bleachers
104,hayloft,mother mother
105,verbatim,mother mother
106,arms tonite,mother mother
107,oh ana,mother mother
108,wrecking ball,mother mother
109,sex with a ghost,teddy hyde
110,take me to church,hozier
111,saint bernard,lincoln
112,runaway,aurora
113,i love you like an alcoholic,the taxpayers
114,murders,miracle musical
115,dream sweet in sea major,miracle musical
116,always forever,cults
117,choke,i dont know how but they found me
118,twin size mattress,the front bottoms
119,be nice to me,the front bottoms
120,the stand,mother mother
121,me and my husband,mitski
122,achilles come down,gang of youths
123,cancer,my chemical romance
124,as the world caves in,matt maltese
125,rät,penelope scott
126,devil town,cavetown
127,francis forever,mitski
128,blah blah blah,the oozes
129,bird song,florence + the machine
130,"hello, my name is",matthew west
131,no longer slaves (live),bethel music
132,everlasting god,chris tomlin
133,good good father,chris tomlin
134,rescuer (good news),rend collective
135,resurrection day,rend collective
136,counting every blessing,rend collective
137,nailed to the cross,rend collective
138,spirit break out - live,kim walker-smith
139,what a beautiful name,hillsong worship
140,nothing is impossible,planetshakers
141,it is well with my soul - live,matt redman
142,it is well (live),bethel music
143,our god,chris tomlin
144,great are you lord,all sons & daughters
145,how he loves,david crowder band
146,love came down,kari jobe
147,lay me down,chris tomlin
148,revelation song,jesus culture
149,"mighty to save - live at sydney entertainment centre, sydney, australia/2006",various artists
150,build your kingdom here (live),various artists
151,from the inside out,hillsong united
152,this is amazing grace,bethel music
153,god's great dance floor,chris tomlin
154,your love never fails,newsboys
155,shout hosanna - live,passion
156,sinking deep - live,hillsong young & free
157,happy day - happy day album version,various artists
158,we dance (live),bethel music
159,home,chris tomlin
160,your grace finds me - live,matt redman
161,i can only imagine,mercyme
162,one things remains,bethel music
163,my lighthouse,rend collective
164,"10,000 reasons (bless the lord) - live",matt redman
165,set a fire - live,jesus culture
166,spirit break out,luke hellebronth
167,grace to grace,hillsong worship
168,touch of heaven,hillsong worship
169,who you say i am,hillsong worship
170,this i believe (the creed),hillsong worship
171,so will i (100 billion x) - live,hillsong worship
172,thank you jesus,hillsong worship
173,jesus i need you,hillsong worship
174,new wine,hillsong worship
175,broken vessels (amazing grace) - live,hillsong worship
176,glorious ruins,hillsong worship
177,o come to the altar (live),elevation worship
178,touch the sky - from the lowest place on earth & the cliffs of arbel,hillsong united
179,oceans (where feet may fail),hillsong united
180,wonder,hillsong united
181,lead me to the cross,hillsong united
182,you make me brave (live),bethel music
183,come as you are,crowder
184,love won't let me down,hillsong young & free
185,alive - live,hillsong young & free
186,this is living,hillsong worship
187,sinking deep,hillsong young & free
188,real love (live),hillsong young & free
189,god so loved,hillsong worship
190,king of my heart (live),bethel music
191,even when it hurts (praise song),hillsong united
192,reckless love,cory asbury
193,bulletproof,citizen way
194,o praise the name (anástasis),hillsong worship
195,prince of heaven,hillsong worship
196,this is our time - live,planetshakers
197,alive again - live in manila,planetshakers
198,endless praise - live,planetshakers
199,turn it up - live,planetshakers
200,do it again,elevation worship
201,here as in heaven,elevation worship
202,resurrecting (live),elevation worship
203,marching on,rend collective
204,whom shall i fear (god of angel armies),chris tomlin
205,amazing grace (my chains are gone),chris tomlin
206,how great is our god,chris tomlin
207,pieces (live),bethel music
208,ever be,bethel music
209,grace changes everything,victory worship
210,radical love,victory worship
211,we will go,victory worship
212,build my life - live,passion
213,hosanna,hillsong united
214,all about you,lakewood church
215,mountain,collington
216,echoes (till we see the other side) - live,hillsong united
217,good grace - radio edit,hillsong united
218,my reason - live,planetshakers
219,fall on me - live,planetshakers
220,for the sake of the world,bethel music
221,god of this city - live,chris tomlin
222,here for you - live,passion
223,we will not be shaken (live),bethel music
224,resurrecting,jess and gabriel
225,your grace is enough,matt maher
226,way maker - live,leeland
227,blessed be your name,matt redman
228,from whom all blessings flow (doxology) - studio,hillsong worship
229,fear not,katy weirich
230,help is on the way (maybe midnight),tobymac
231,all things new (single mix),big daddy weave
232,your love is,people of the earth
233,survival (feat. drew holcomb & ellie holcomb) - single version,needtobreathe
234,heaven invade - live,kari jobe
235,who you are to me (feat. lady a),chris tomlin
236,questions,7eventh time down
237,never hate you,ri-an
238,another in the fire - studio,hillsong united
239,together,for king & country
240,"10,000 reasons (bless the lord) - live",matt redman
241,even louder,people of the earth
242,the story of your life,matthew west
243,holy water,we the kingdom
244,come to jesus (reconciliation hymn) - worship mix,people of the earth
245,see the light - radio version,tobymac
246,thank you lord (feat. thomas rhett & florida georgia line),chris tomlin
247,too good to let go,ri-an
248,heavenly,pat barrett
249,brand new,holly halliwell
250,thousand tongues,people of the earth
251,together (r3hab remix) [feat. kirk franklin & tori kelly],for king & country
252,lay 'em down,alive city
253,hold on,eleni baker
254,wounds,jordan feliz
255,can't hold back,skye reedy
256,your name is power,rend collective
257,i just need u.,tobymac
258,first love - live,kari jobe
259,like you love me,tauren wells
260,interruption,david dunn
261,love god love people,danny gokey
262,warriors,land of color
263,lift my eyes,people of the earth
264,you have my heart,jonathan jackson
265,fight for me,gawvi
266,the turnaround,bethany cruz
267,to be loved,lydia laird
268,god is on the move,7eventh time down
269,thank you lord (feat.thomas rhett & florida georgia line),chris tomlin
270,graves into gardens (studio),elevation worship
271,look no further,foothills collective
272,start right here - single version,casting crowns
273,best friends - studio,hillsong young & free
274,disarmed by love,crosscut collective
275,god who listens - radio version,chris tomlin
276,the one i trust,people of the earth
277,liberator,kingly
278,i choose to worship - radio version,rend collective
279,the father's house - studio,cory asbury
280,you're the fire,people of the earth
281,edge of my seat - radio version,tobymac
282,power,we are messengers
283,trust in you,lauren daigle
284,thank god i'm alive,manic drive
285,right now,ri-an
286,reasons,hulvey
287,amen (reborn),for king & country
288,don't you dare,ginny owens
289,walk on water,elevation rhythm
290,even louder - acoustic,people of the earth
291,glorify,jordan feliz
292,jesus happened,baylor wilson
293,rescue story,zach williams
294,keep me in the moment - radio version,jeremy camp
295,revival anthem,rend collective
296,how great thou art,various artists
297,"here i am, lord",john michael talbot
298,"holy god, we praise thy name","benedictines of mary, queen of apostles"
299,o lord i am not worthy,"benedictines of mary, queen of apostles"
300,ave verum,"benedictines of mary, queen of apostles"
301,o salutaris,"benedictines of mary, queen of apostles"
302,"jesus my lord, my god, my all","benedictines of mary, queen of apostles"
303,tantum ergo - mode ii,"benedictines of mary, queen of apostles"
304,verbum caro,"benedictines of mary, queen of apostles"
305,adoro te,"benedictines of mary, queen of apostles"
306,ecce panis angelorum,"benedictines of mary, queen of apostles"
307,jesu nostra refectio,"benedictines of mary, queen of apostles"
308,tantum ergo - traditional melody,"benedictines of mary, queen of apostles"
309,homo quidam,"benedictines of mary, queen of apostles"
310,o sacrum convivium,"benedictines of mary, queen of apostles"
311,misericordias domini,"benedictines of mary, queen of apostles"
312,domine non sum dignus,"benedictines of mary, queen of apostles"
313,tantum ergo - mel. gauntlett,"benedictines of mary, queen of apostles"
314,soul of my savior,"benedictines of mary, queen of apostles"
315,adoramus te,"benedictines of mary, queen of apostles"
316,lauda sion,"benedictines of mary, queen of apostles"
317,o esca viatorum,"benedictines of mary, queen of apostles"
318,adoremus in aeternum,"benedictines of mary, queen of apostles"
319,panis angelicus,"benedictines of mary, queen of apostles"
320,ego sum panis,"benedictines of mary, queen of apostles"
321,te laudamus,"benedictines of mary, queen of apostles"
322,make me a channel of your peace,katherine jenkins
323,i'll sing a hymn to mary,patrick o'hagen
324,i'll sing a hymn to mary,frank patterson
325,"holy, holy, holy",londonderry choir
326,amazing grace,londonderry choir
327,god be with you 'till we meet again,londonderry choir
328,how great thou art,londonderry choir
329,when i survey the wondrous cross,londonderry choir
330,nearer my god to thee,londonderry choir
331,"ave maria, op. 52 no. 6, d. 839 (arr. for soprano, harp & chorus)",the cathedral singers
332,panis angelicus,chloe agnew
333,the clouds' veil,liam lawton
334,close to you i watch the sunrise,james kilbane
335,you raise me up,celtic woman
336,sweet heart of jesus - harm. daniel justin,choirs of the diocese of leeds
337,o bread of heaven,choirs of the diocese of leeds
338,sweet savious bless us,choirs of the diocese of leeds
339,o mary of promise,choirs of the diocese of leeds
340,"lord, for tomorrow and its needs",choirs of the diocese of leeds
341,les set goyts,choirs of the diocese of leeds
342,audi benigne conditor,choirs of the diocese of leeds
343,"o god, you search me",choirs of the diocese of leeds
344,polorum regina,choirs of the diocese of leeds
345,immaculate mary,choirs of the diocese of leeds
346,ad cenam agni providi,choirs of the diocese of leeds
347,soul of my saviour - desc. stuart thompson,choirs of the diocese of leeds
348,"holy virgin, by god's decree",choirs of the diocese of leeds
349,stella splendens,choirs of the diocese of leeds
350,jesu dulcis memoria,choirs of the diocese of leeds
351,anima christi,choirs of the diocese of leeds
352,battle is o'er,choirs of the diocese of leeds
353,christ be our light,choirs of the diocese of leeds
354,godhead here in hiding,choirs of the diocese of leeds
355,ave maris stella,choirs of the diocese of leeds
356,"daily, daily sing to mary",choirs of the diocese of leeds
357,praise to the holiest,choirs of the diocese of leeds
358,cuncti simus concanentes,choirs of the diocese of leeds
359,"jesus, my lord, my god, my all",choirs of the diocese of leeds
360,sweet sacrament divine,choirs of the diocese of leeds
361,hail queen of heaven - harm. daniel justin,choirs of the diocese of leeds
362,jesus my lord my god,michael nash
363,queen of the may,michael nash
364,a mhuire mháthair,michael nash
365,angels guard thee,michael nash
366,when creation was begun,michael nash
367,sweet heart of jesus,michael nash
368,hail glorious st.patrick,michael nash
369,cead mile failte romhat,michael nash
370,i'll sing a hymn to mary,michael nash
371,holy god we praise thy name,michael nash
372,the day thou gavest,michael nash
373,mother of mercy,michael nash
374,salve regina,michael nash
375,ave maria,michael nash
376,lead kindly light,michael nash
377,abide with me,michael nash
378,"daily, daily",michael nash
379,sweet sacrement devine,michael nash
380,this is the image of our queen,michael nash
381,o sanctissima,michael nash
382,mother of christ,michael nash
383,how great thou art,michael nash
384,o mother i could weep for mirth,michael nash
385,the brightest star,michael nash
386,adeste fideles,michael nash
387,silent night,michael nash
388,lady of knock,michael nash
389,"jesus, remember me",the london fox taize choir
390,eat this bread,the london fox taize choir
391,"come, holy spirit (when you send your spirit)",the london fox taize choir
392,"laudate dominum (sing, praise and bless the lord)",the london fox taize choir
393,gloria,the london fox taize choir
394,"kyrie eleison (lord, have mercy)",the london fox taize choir
395,be still,the london fox taize choir
396,"lord, i need you",matt maher
397,your love defends me,matt maher
398,because he lives (amen),matt maher
399,your grace is enough,matt maher
400,hold us together,matt maher
401,alive again - live,matt maher
402,all the people said amen,matt maher
403,your grace is enough/here i am lord (live),matt maher
404,even unto death,audrey assad
405,i shall not want,audrey assad
406,restless,audrey assad
407,be thou my vision,audrey assad
408,i wonder as i wander,audrey assad
409,it is well with my soul,audrey assad
410,humble,audrey assad
411,open the eyes of my heart,audrey assad
412,good to me,audrey assad
413,you speak,audrey assad
414,o come to the altar (radio version),elevation worship
415,what a friend,matt maher
416,good good father - live,casting crowns
417,this is amazing grace,phil wickham
418,god alone (feat. shaun garrison & sarah kroger),focus 
419,multiplied,needtobreathe
420,brother,needtobreathe
421,wonder (live) [spontaneous],bethel music
422,o god beyond all praising (feat. sarah kroger),focus 
423,it is well (live),bethel music
424,let all mortal flesh keep silence (feat. sarah kroger),focus 
425,come thou fount (feat. shaun garrison),focus 
426,drawn to you,audrey assad
427,closer,lifepoint worship
428,river (feat. propaganda),audrey assad
429,deliverer,audrey assad
430,reckless love,cory asbury
431,we exalt your name,kari jobe
432,happiness,needtobreathe
433,great are you lord - live,all sons & daughters
434,adoration (live),matt maher
435,build my life,housefires
436,come as you are,crowder
437,how great is our god,chris tomlin
438,called me higher,all sons & daughters
439,oceans (where feet may fail),hillsong united
440,you say,lauren daigle
441,nobody (feat. matthew west),casting crowns
442,soul on fire (feat. all sons & daughters) (feat. all sons & daughters),third day
443,you don’t miss a thing (live),bethel music
444,beautiful things,gungor
445,out of hiding,steffany gretzinger
446,i will look up,elevation worship
447,here as in heaven,elevation worship
448,freedom - live,jesus culture
449,greater,mercyme
450,i won't let you go,switchfoot
451,lion and the lamb (live),bethel music
452,ven ante su trono (o come to the altar),elevation worship
453,in the river - live,jesus culture
454,king of my heart (live),bethel music
455,what a beautiful name,hillsong worship
456,pieces (live),bethel music
457,dance with me - live,jesus culture
458,never too far gone,jordan feliz
459,eye of the storm (feat. gabe real),ryan stevenson
460,you won't let go,cory asbury
461,devil's been talkin',needtobreathe
462,church (take me back),cochren & co.
463,your love is strong,cory asbury
464,hermoso nombre,hillsong en español
465,trust in you,lauren daigle
466,somewhere only we know,lily allen
467,my lighthouse,rend collective
468,burning in my soul,matt maher
469,your love awakens me (live),chase oaks worship
470,you will never run,rend collective
471,no longer slaves (live),bethel music
472,so will i (100 billion x),hillsong united
473,sinking deep,hillsong young & free
474,rescuer (good news),rend collective
475,one thing remains - live,passion
476,scandal of grace (i'd be lost) - live,hillsong united
477,gracious tempest - live,hillsong young & free
478,it is good (live),matt maher
479,alive again,matt maher
480,fullness,elevation worship
481,pieces,sarah kroger
482,when i see you,sarah kroger
483,in the silence,sarah kroger
484,hungry,mercyme
485,nothing else,cody carnes
486,psalm 46 (lord of hosts),shane & shane
487,"flame of fire, rushing wind",bryan & katie torwalt
488,lay it down,matt maher
489,blessed be your name,matt redman
490,my god,jeremy camp
491,alive & breathing (feat. elle limebear),matt maher
492,soul on fire (live),matt maher
493,run to the father,matt maher
494,white flag - live,matt maher
495,lord of my life,matt maher
496,take me to church,hozier
497,the village,wrabel
498,jesus from texas - demo,semler
499,ain't no rest for the wicked,cage the elephant
500,heaven,troye sivan
501,thank god,sasha alex sloan
502,this too shall pass,saint slumber
503,body terror song,ajj
504,"i'm sorry, i'm trying","nothing,nowhere."
505,if i believe you,the 1975
506,holy,pvris
507,body,mother mother
508,saint bernard,lincoln
509,jesus christ,hobo johnson
510,jesus christ,brand new
511,big god,florence + the machine
512,let it all out (10:05),coin
513,praying,kesha
514,blasphemy,bring me the horizon
515,ode to sleep,twenty one pilots
516,jacob from the bible,jake wesley rogers
517,hallucinogenics,matt maeson
518,teen idle,marina
519,funeral,phoebe bridgers
520,antichrist,the 1975
521,mama,my chemical romance
522,r.i.p. 2 my youth,the neighbourhood
523,black / white,dbmk
524,heaven knows,the pretty reckless
525,miserable america,kevin abstract
526,i know a place,muna
527,stupid deep,jon bellion
528,human - acoustic,jon bellion
529,bad religion,frank ocean
530,pray,sam smith
531,i will follow you into the dark,death cab for cutie
532,creep,radiohead
533,everybody talks,neon trees
534,jesus christ 2005 god bless america,the 1975
535,be nice to me,the front bottoms
536,bohemian rhapsody,queen
537,little dark age,mgmt
538,"welcome home, son",radical face
539,devil town,kevin devine
540,this is gospel,panic! at the disco
541,ghost,badflower
542,die,badflower
543,brother,gerard way
544,youth group,semler
545,promised land (outro),semler
546,thistle & weeds,mumford & sons
547,all the good girls go to hell,billie eilish
548,faggot,sam vance-law
549,way down we go,kaleo
550,cloud 9,beach bunny
551,montero (call me by your name),lil nas x
552,thank god for that,semler
553,hope ur ok,olivia rodrigo
554,tobymac - live from my living room,semler
555,chinese satellite,phoebe bridgers
556,time goes by,phangs
557,psalm 102,semler
558,prodigal girl,semler
559,i'd rather be a ghost,semler
560,wanna grab coffee?,semler
561,late bloomer,semler
562,hallelujah (in your arms),semler
563,creature,half•alive
564,lights are on,tom rosenthal
565,ur gonna wish u believed me,cavetown
